lang	key	type	count	status
asl_gloss	success.common	list	1	OK
asl_gloss	success.easy	list	1	OK
asl_gloss	success.normal	list	1	OK
asl_gloss	success.hard	list	1	OK
asl_gloss	timeup.easy	list	1	OK
asl_gloss	timeup.normal	list	1	OK
asl_gloss	timeup.hard	list	1	OK
de	success.common	list	1	OK
de	success.easy	list	1	OK
de	success.normal	list	1	OK
de	success.hard	list	1	OK
de	timeup.easy	list	1	OK
de	timeup.normal	list	1	OK
de	timeup.hard	list	1	OK
en	success.common	list	1	OK
en	success.easy	list	1	OK
en	success.normal	list	1	OK
en	success.hard	list	1	OK
en	timeup.easy	list	1	OK
en	timeup.normal	list	1	OK
en	timeup.hard	list	1	OK
es	success.common	list	1	OK
es	success.easy	list	1	OK
es	success.normal	list	1	OK
es	success.hard	list	1	OK
es	timeup.easy	list	1	OK
es	timeup.normal	list	1	OK
es	timeup.hard	list	1	OK
fi	success.common	list	1	OK
fi	success.easy	list	1	OK
fi	success.normal	list	1	OK
fi	success.hard	list	1	OK
fi	timeup.easy	list	1	OK
fi	timeup.normal	list	1	OK
fi	timeup.hard	list	1	OK
fr	success.common	list	1	OK
fr	success.easy	list	1	OK
fr	success.normal	list	1	OK
fr	success.hard	list	1	OK
fr	timeup.easy	list	1	OK
fr	timeup.normal	list	1	OK
fr	timeup.hard	list	1	OK
hi	success.common	list	1	OK
hi	success.easy	list	1	OK
hi	success.normal	list	1	OK
hi	success.hard	list	1	OK
hi	timeup.easy	list	1	OK
hi	timeup.normal	list	1	OK
hi	timeup.hard	list	1	OK
is	success.common	list	1	OK
is	success.easy	list	1	OK
is	success.normal	list	1	OK
is	success.hard	list	1	OK
is	timeup.easy	list	1	OK
is	timeup.normal	list	1	OK
is	timeup.hard	list	1	OK
it	success.common	list	1	OK
it	success.easy	list	1	OK
it	success.normal	list	1	OK
it	success.hard	list	1	OK
it	timeup.easy	list	1	OK
it	timeup.normal	list	1	OK
it	timeup.hard	list	1	OK
ja	success.common	list	1	OK
ja	success.easy	list	1	OK
ja	success.normal	list	1	OK
ja	success.hard	list	1	OK
ja	timeup.easy	list	1	OK
ja	timeup.normal	list	1	OK
ja	timeup.hard	list	1	OK
ko	success.common	list	1	OK
ko	success.easy	list	1	OK
ko	success.normal	list	1	OK
ko	success.hard	list	1	OK
ko	timeup.easy	list	1	OK
ko	timeup.normal	list	1	OK
ko	timeup.hard	list	1	OK
la	success.common	list	1	OK
la	success.easy	list	1	OK
la	success.normal	list	1	OK
la	success.hard	list	1	OK
la	timeup.easy	list	1	OK
la	timeup.normal	list	1	OK
la	timeup.hard	list	1	OK
lzh	success.common	list	1	OK
lzh	success.easy	list	1	OK
lzh	success.normal	list	1	OK
lzh	success.hard	list	1	OK
lzh	timeup.easy	list	1	OK
lzh	timeup.normal	list	1	OK
lzh	timeup.hard	list	1	OK
nl	success.common	list	1	OK
nl	success.easy	list	1	OK
nl	success.normal	list	1	OK
nl	success.hard	list	1	OK
nl	timeup.easy	list	1	OK
nl	timeup.normal	list	1	OK
nl	timeup.hard	list	1	OK
pt	success.common	list	1	OK
pt	success.easy	list	1	OK
pt	success.normal	list	1	OK
pt	success.hard	list	1	OK
pt	timeup.easy	list	1	OK
pt	timeup.normal	list	1	OK
pt	timeup.hard	list	1	OK
ru	success.common	list	1	OK
ru	success.easy	list	1	OK
ru	success.normal	list	1	OK
ru	success.hard	list	1	OK
ru	timeup.easy	list	1	OK
ru	timeup.normal	list	1	OK
ru	timeup.hard	list	1	OK
sa	success.common	list	1	OK
sa	success.easy	list	1	OK
sa	success.normal	list	1	OK
sa	success.hard	list	1	OK
sa	timeup.easy	list	1	OK
sa	timeup.normal	list	1	OK
sa	timeup.hard	list	1	OK
sv	success.common	list	1	OK
sv	success.easy	list	1	OK
sv	success.normal	list	1	OK
sv	success.hard	list	1	OK
sv	timeup.easy	list	1	OK
sv	timeup.normal	list	1	OK
sv	timeup.hard	list	1	OK
zh_tw	success.common	list	1	OK
zh_tw	success.easy	list	1	OK
zh_tw	success.normal	list	1	OK
zh_tw	success.hard	list	1	OK
zh_tw	timeup.easy	list	1	OK
zh_tw	timeup.normal	list	1	OK
zh_tw	timeup.hard	list	1	OK
