commit	counts_ok	problems	reason
7227bc3752b6d50c2e395500dd618b5aa739a4af	True	158	ok
a014243a961e0bc755cbd0c8c99888103ca41e8c	True	158	ok
82fa8f35232dbaa5c15b29895f9f93486eeb50b9	True	158	ok
fea04b8d86635a9ac925f5318c9ad542e32c681d	False	6	ok
98320ae8ea89ab4922e1e60080f6246b4b50cfcf	False	6	ok
2b839c22004acb46b8590c0ec99e9666c663b6f2	False	6	ok
67acbc437b15677eecd22a0d1bda03faa04d90de	False	6	ok
60422752dbcc3b32ef87620c48d83924dc7483ee	False	6	ok
99f35cde21ae92cb290a55de3a1f3293593f576e	False	6	ok
d680ba16512a52c132ae79a0ef5f9270936700fb	False	6	ok
6ec93f4127b540c520964daf143d8bdd7aeff733	False	6	ok
0530d3db3c48331bbc27ff9fdfc429f2af5ccd8e	False	6	ok
9fcfa7d0baceaff805e944a03163ebcf9d279e7e	False	6	ok
36928fa444fed5c8536297acb26520273a3186d9	False	6	ok
88aa5f9fa51983ad475df8ef8084663c91f8b7b6	False	6	ok
e75848f99e50a052f2f2abb3dc914f773bec1f1c	False	6	ok
fdd45371ed4a8f596584d74b52dc14de345f3f63	False	6	ok
8328a65e33c7181da131102fe1a4ac1d13550aad	False	6	ok
1bb1ee8340be16f4409d0dd19e16198c81d4898c	False	6	ok
488554f3e0ed896292f3785a6e076479514137f3	False	6	ok
ecd2bb28b24113cea2f442202931a27ff00a8ffb	False	6	ok
50551c349f526121661ecd98f264dbfc2d66fd12	False	6	ok
06d0388cadefb824a19d8d3732d8db70945a4564	False	6	ok
7ba0e7127c4fe31d8455f3856566a49de420ef93	False	9999	missing_key:outcome.success.easy.pool
121200d70731593986aed17bdfee43d86a5add82	False	9999	missing_key:outcome.success.easy.pool
e853ce07f6812ed0a52560dc50ea6946f5c3710e	False	9999	missing_key:outcome.success.easy.pool
32ff34674dc344e771761d213063b98e204083fb	False	9999	missing_key:outcome.success.easy.pool
9ae5bbee7e1143da9452ad995a6b56a053a6d312	False	9999	missing_key:outcome.success.easy.pool
8c7a381c89cf8342b4223442f4b38f26a1109da8	False	9999	missing_key:outcome.success.easy.pool
91dfe89c113f5c434cd17ecd8922c37fa313d7cb	False	9999	missing_key:outcome.success.easy.pool
fc5548966aa4351d0d9d2549489810d69b9ef65c	False	9999	missing_key:outcome.success.easy.pool
1857dfa4df658afe7d372f741f872729a414c940	False	9999	missing_key:outcome.success.easy.pool
81839d0f928aa773b0862f505dbfcf86b70e37e8	False	9999	missing_key:outcome.success.easy.pool
ec54c0f3c703d0ae571cdb8ca35d146b23053688	False	9999	missing_key:outcome.success.easy.pool
264d88c326f9d9fe3ab0fb65a812b7c7f1ed84fa	False	9999	missing_key:outcome.success.easy.pool
77a01652c86da168ee8b28a1476fc33e46233b40	False	9999	missing_key:outcome.success.easy.pool
016558ac60e89c79a7e663abcacdacaf1760718c	False	9999	missing_key:outcome.success.easy.pool
f2daf65ef08eea576dd70b029026c69a06c28a18	False	9999	missing_key:outcome.success.easy.pool
24af3087b6c2fb754d0bcef77b85d7d8ef311aac	False	9999	missing_key:outcome.success.easy.pool
388c97953862c0d271bad73cbc63deeeaa8d4de3	False	9999	missing_key:outcome.success.easy.pool
6f22178bfe8422f1f0613d7d91c6a018b0358d4e	False	9999	missing_key:outcome.success.easy.pool
3583f366b0013e2db06a393cdc29d6170163b5d4	False	9999	missing_key:outcome.success.easy.pool
62d64aced3120bc31db833631351103d83050930	False	9999	missing_key:outcome.success.easy.pool
5cff3445a1c59187371c76f37fd3dc2c0c67c5aa	False	9999	missing_key:outcome.success.easy.pool
